PROJECT,CLASS,COMPLEXITY
spring-data-examples,User,1
spring-data-examples,PersonRepository,2
spring-data-examples,ApplicationConfiguration,4
spring-data-examples,Application,4
spring-data-examples,Customer,1
spring-data-examples,User,8
spring-data-examples,CustomerRepository,2
spring-data-examples,Customer,2
spring-data-examples,Order,2
spring-data-examples,Application,2
spring-data-examples,BusinessObject,2
spring-data-examples,Account,3
spring-data-examples,Customer,3
spring-data-examples,BlogPost,1
spring-data-examples,Actor,1
spring-data-examples,Person,1
spring-data-examples,Order,1
spring-data-examples,Store,0
spring-data-examples,StoreRepository,1
spring-data-examples,UserManagement,3
spring-data-examples,Password,5
spring-data-examples,User,3
spring-data-examples,UserController,4
spring-data-examples,UserRepository,1
spring-retry,BinaryExceptionClassifier,13
spring-retry,BackToBackPatternClassifier,5
spring-retry,ClassifierAdapter,8
spring-retry,ClassifierSupport,2
spring-retry,PatternMatchingClassifier,4
spring-retry,RecoverAnnotationRecoveryHandler,17
spring-retry,ExponentialBackOffPolicy,18
spring-retry,FixedBackOffPolicy,8
spring-retry,BackOffInterruptedException,2
spring-retry,ExponentialRandomBackOffPolicy,2
spring-retry,ThreadWaitSleeper,1
spring-retry,RetryInterceptorBuilder,11
spring-retry,StatefulRetryOperationsInterceptor,16
spring-retry,RetryOperationsInterceptor,11
spring-retry,RetryListenerSupport,3
spring-retry,ExhaustedRetryException,2
spring-retry,RetryException,2
spring-retry,TerminatedRetryException,2
spring-retry,TimeoutRetryPolicy,6
spring-retry,SimpleRetryPolicy,12
spring-retry,SoftReferenceMapRetryContextCache,10
spring-retry,CompositeRetryPolicy,16
spring-retry,AlwaysRetryPolicy,1
spring-retry,ExceptionClassifierRetryPolicy,6
spring-retry,MapRetryContextCache,8
spring-retry,NeverRetryPolicy,4
spring-retry,ExponentialAverageRetryStatistics,15
spring-retry,StatisticsListener,19
spring-retry,RetrySimulation,7
spring-retry,RetryTemplate,70
spring-retry,DefaultRetryState,9
spring-retry,RetrySynchronizationManager,5
aws-maven,SimpleStorageServiceWagon,28
aws-maven,S3Utils,8
aws-maven,AbstractWagon,39
aws-maven,NullProtectingProxyInfoProvider,5
aws-maven,Region,5
aws-maven,StandardSessionListenerSupport,12
aws-maven,StandardTransferListenerSupport,10
aws-maven,TransferProgressFileInputStream,5
aws-maven,TransferProgressFileOutputStream,5
spring-roo,DataOnDemandAnnotationValues,3
spring-roo,Direction,6
spring-roo,Part,42
spring-roo,Order,10
spring-roo,PartTree,49
spring-roo,Subject,52
spring-roo,Type,28
spring-roo,Predicate,40
spring-roo,PartTreeUnitTest,97
spring-roo,JavaBeanAnnotationValues,3
spring-roo,SerializableMetadata,12
spring-roo,SerializableMetadataTest,8
spring-roo,JpaEntityAnnotationValues,16
spring-roo,Identifier,31
spring-roo,JpaOperationsImpl,81
spring-roo,JpaOperationsImplTest,6
spring-roo,RepositoryJpaAnnotationValues,2
spring-roo,RepositoryJpaLayerProvider,7
spring-roo,RepositoryJpaLayerProviderTest,7
spring-roo,RepositoryLayerMethodTest,4
spring-roo,PluralAnnotationValues,2
spring-roo,IntegrationTestAnnotationValues,12
spring-roo,SearchAnnotationValues,2
spring-roo,ApplicationConfigServiceImpl,34
spring-roo,AnnotationMetadataBuilder,32
spring-roo,AnnotatedJavaType,14
spring-roo,BooleanAttributeValue,3
spring-roo,CharAttributeValue,3
spring-roo,LongAttributeValue,3
spring-roo,AnnotatedJavaTypeTest,2
spring-roo,AnnotationMetadataBuilderTest,2
spring-roo,BooleanAttributeValueTest,2
spring-roo,IntegerAttributeValue,3
spring-roo,AbstractMemberHoldingTypeDetails,32
spring-roo,ImportMetadataBuilder,15
spring-roo,AbstractMemberHoldingTypeDetailsBuilderTest,7
spring-roo,DefaultItdTypeDetails,28
spring-roo,DefaultPhysicalTypeMetadata,8
spring-roo,AbstractMemberHoldingTypeDetailsBuilder,67
spring-roo,DefaultPhysicalTypeMetadataTest,3
spring-roo,MemberTypeAdditions,18
spring-roo,MemberTypeAdditionsTest,5
spring-roo,DateField,23
spring-roo,ClasspathOperationsImpl,23
spring-roo,TypeLocationServiceImpl,127
spring-roo,PhysicalTypeIdentifier,7
spring-roo,PhysicalTypeIdentifierNamingUtils,10
spring-roo,PhysicalTypeIdentifierNamingUtilsTest,3
spring-roo,PhysicalTypeIdentifierTest,1
spring-roo,TypeLocationServiceImplTest,3
spring-roo,JavaParserTypeParsingService,55
spring-roo,JavaParserTypeParsingServiceTest,4
spring-roo,NewUpdateCompilationUnitTest,28
spring-roo,UpdateCompilationUnitTest,21
spring-roo,JavaTypeConverter,86
spring-roo,PomConverter,23
spring-roo,JavaPackageConverter,34
spring-roo,PackagingProviderConverterTest,12
spring-roo,EnumConverter,8
spring-roo,EnumConverterTest,4
spring-roo,JavaPackageConverterTest,17
spring-roo,JavaTypeConverterTest,18
spring-roo,PackagingProviderConverter,3
spring-roo,PomConverterTest,15
spring-roo,FileDetails,16
spring-roo,MonitoringRequest,7
spring-roo,MonitoringRequestEditor,14
spring-roo,MonitoringRequestTest,3
spring-roo,DefaultMetadataDependencyRegistry,30
spring-roo,StandardMetadataTimingStatistic,11
spring-roo,StandardMetadataTimingStatisticTest,5
spring-roo,DefaultMetadataService,42
spring-roo,MetadataIdentificationUtils,24
spring-roo,MetadataIdentificationUtilsTest,40
spring-roo,JavaSymbolName,57
spring-roo,JavaType,97
spring-roo,ReservedWords,18
spring-roo,JavaPackage,12
spring-roo,JdkJavaType,9
spring-roo,JavaPackageTest,6
spring-roo,JavaSymbolNameTest,2
spring-roo,JavaTypeTest,13
spring-roo,ReservedWordsTest,10
spring-roo,Parent,6
spring-roo,Pom,78
spring-roo,Module,3
spring-roo,ModuleTest,3
spring-roo,PomTest,14
spring-roo,JarPackaging,5
spring-roo,PomPackaging,3
spring-roo,JarPackagingTest,1
spring-roo,PackagingProviderRegistryTest,7
spring-roo,PomPackagingTest,1
spring-roo,Filter,9
spring-roo,MavenOperationsImpl,55
spring-roo,Property,22
spring-roo,DefaultPathResolvingStrategy,26
spring-roo,Resource,22
spring-roo,Repository,18
spring-roo,MavenPathResolvingStrategy,24
spring-roo,Dependency,56
spring-roo,PomManagementServiceImpl,65
spring-roo,Configuration,10
spring-roo,Execution,19
spring-roo,Plugin,40
spring-roo,MavenUtils,2
spring-roo,RepositoryTest,2
spring-roo,ProjectMetadata,9
spring-roo,Path,14
spring-roo,DependencyType,6
spring-roo,LogicalPath,16
spring-roo,GAV,11
spring-roo,DefaultPathResolvingStrategyTest,7
spring-roo,DependencyTest,15
spring-roo,DependencyTypeTest,4
spring-roo,ExecutionTest,5
spring-roo,GAVTest,7
spring-roo,LogicalPathTest,21
spring-roo,MavenOperationsImplTest,7
spring-roo,MavenPathResolvingStrategyTest,11
spring-roo,MavenUtilsTest,4
spring-roo,PathTest,1
spring-roo,PluginTest,11
spring-roo,ProjectMetadataTest,10
spring-roo,ProjectSettingsServiceImpl,16
spring-roo,SimpleParser,274
spring-roo,AbstractShell,93
spring-roo,Completion,22
spring-roo,MethodTarget,11
spring-roo,CliOptionContext,4
spring-roo,CliOptionContextTest,3
spring-roo,MethodTargetTest,5
spring-roo,SimpleParserTest,6
spring-roo,OSGiUtils,20
spring-roo,XmlUtils,86
spring-roo,DomUtils,36
spring-roo,FileUtils,23
spring-roo,WebXmlUtils,78
spring-roo,AnsiEscapeCode,8
spring-roo,CollectionUtils,13
spring-roo,PairList,9
spring-data-book,Customer,10
spring-data-book,GemfireCustomerRepository,6
spring-data-book,Product,9
spring-data-book,Order,8
spring-data-book,Product,11
spring-data-book,ApplicationConfig,2
spring-data-book,QueryDslCustomerRepository,23
spring-data-book,Customer,9
spring-data-book,MongoDbCustomerRepository,4
spring-data-book,Product,8
spring-boot,SpringApplicationAdminMXBeanRegistrar,8
spring-boot,AnsiBackground,2
spring-boot,AnsiColor,2
spring-boot,AnsiColors,6
spring-boot,AnsiOutput,24
spring-boot,AnsiPropertySource,7
spring-boot,AnsiStyle,2
spring-boot,DefaultPropertyNamePatternsMatcher,20
spring-boot,PropertiesConfigurationFactory,45
spring-boot,PropertyNamePatternsMatcher,2
spring-boot,PropertyOrigin,3
spring-boot,PropertySourcesBinder,13
spring-boot,PropertySourcesPropertyValues,32
spring-boot,RelaxedDataBinder,89
spring-boot,RelaxedNames,9
spring-boot,RelaxedPropertyResolver,15
spring-boot,YamlConfigurationFactory,22
spring-boot,SpringApplicationBuilder,51
spring-boot,CloudFoundryVcapEnvironmentPostProcessor,25
spring-boot,CloudPlatform,6
spring-boot,AnsiOutputApplicationListener,4
spring-boot,ConfigFileApplicationListener,18
spring-boot,DelegatingApplicationContextInitializer,11
spring-boot,DelegatingApplicationListener,9
spring-boot,RandomValuePropertySource,20
spring-boot,JettyEmbeddedServletContainer,27
spring-boot,JettyEmbeddedServletContainerFactory,87
spring-boot,AnnotationConfigEmbeddedWebApplicationContext,14
spring-boot,Compression,8
spring-boot,EmbeddedWebApplicationContext,39
spring-boot,JspServlet,7
spring-boot,MimeMappings,20
spring-boot,PortInUseException,2
spring-boot,Ssl,30
spring-boot,XmlEmbeddedWebApplicationContext,10
spring-boot,TomcatEmbeddedServletContainer,46
spring-boot,TomcatEmbeddedServletContainerFactory,86
spring-boot,FileSessionPersistence,15
spring-boot,UndertowEmbeddedServletContainer,40
spring-boot,UndertowEmbeddedServletContainerFactory,89
spring-boot,ConfigurationWarningsApplicationContextInitializer,2
spring-boot,ContextIdApplicationContextInitializer,8
spring-boot,FileEncodingApplicationListener,5
spring-boot,TypeExcludeFilter,5
spring-boot,ConfigurationPropertiesBindingPostProcessor,53
spring-boot,BeanCurrentlyInCreationFailureAnalyzer,11
spring-boot,BeanNotOfRequiredTypeFailureAnalyzer,3
spring-boot,BindFailureAnalyzer,2
spring-boot,NoUniqueBeanDefinitionFailureAnalyzer,10
spring-boot,ValidationExceptionFailureAnalyzer,2
spring-boot,FailureAnalyzers,14
spring-boot,PropertiesPropertySourceLoader,4
spring-boot,PropertySourcesLoader,21
spring-boot,SpringApplicationJsonEnvironmentPostProcessor,18
spring-boot,YamlPropertySourceLoader,4
spring-boot,BuildProperties,10
spring-boot,GitProperties,15
spring-boot,InfoProperties,8
spring-boot,JsonComponentModule,14
spring-boot,JsonObjectDeserializer,15
spring-boot,JsonObjectSerializer,3
spring-boot,DatabaseDriver,18
spring-boot,BasicJsonParser,31
spring-boot,GsonJsonParser,6
spring-boot,JacksonJsonParser,4
spring-boot,JsonJsonParser,9
spring-boot,JsonSimpleJsonParser,4
spring-boot,YamlJsonParser,6
spring-boot,AtomikosConnectionFactoryBean,4
spring-boot,AtomikosDataSourceBean,4
spring-boot,AtomikosDependsOnBeanFactoryPostProcessor,12
spring-boot,AtomikosProperties,38
spring-boot,AtomikosXAConnectionFactoryWrapper,1
spring-boot,AtomikosXADataSourceWrapper,1
spring-boot,BitronixDependentBeanFactoryPostProcessor,7
spring-boot,BitronixXAConnectionFactoryWrapper,1
spring-boot,BitronixXADataSourceWrapper,1
spring-boot,PoolingConnectionFactoryBean,10
spring-boot,PoolingDataSourceBean,11
spring-boot,DataSourceXAResourceRecoveryHelper,25
spring-boot,NarayanaBeanFactoryPostProcessor,7
spring-boot,NarayanaConfigurationBean,16
spring-boot,NarayanaDataSourceBean,12
spring-boot,NarayanaRecoveryManagerBean,6
spring-boot,NarayanaXAConnectionFactoryWrapper,5
spring-boot,NarayanaXADataSourceWrapper,5
spring-boot,CommonsLoggingLiquibaseLogger,26
spring-boot,LiquibaseServiceLocatorApplicationListener,2
spring-boot,SpringPackageScanClassResolver,12
spring-boot,JavaLoggingSystem,20
spring-boot,ColorConverter,14
spring-boot,ExtendedWhitespaceThrowablePatternConverter,4
spring-boot,Log4J2LoggingSystem,37
spring-boot,WhitespaceThrowablePatternConverter,4
spring-boot,ExtendedWhitespaceThrowableProxyConverter,1
spring-boot,LevelRemappingAppender,7
spring-boot,LogbackLoggingSystem,39
spring-boot,SpringBootJoranConfigurator,2
spring-boot,WhitespaceThrowableProxyConverter,1
spring-boot,DeferredLog,24
spring-boot,LogFile,12
spring-boot,LoggerConfiguration,10
spring-boot,LoggerConfigurationComparator,4
spring-boot,LoggingApplicationListener,54
spring-boot,LoggingSystem,13
spring-boot,SpringPhysicalNamingStrategy,10
spring-boot,ApplicationHome,34
spring-boot,ApplicationPid,14
spring-boot,ApplicationTemp,15
spring-boot,BeanDefinitionLoader,46
spring-boot,DefaultApplicationArguments,7
spring-boot,ExitCodeGenerators,14
spring-boot,ImageBanner,21
spring-boot,ResourceBanner,19
spring-boot,SpringApplication,150
spring-boot,SpringBootVersion,3
spring-boot,ApplicationPidFileWriter,20
spring-boot,EmbeddedServerPortFileWriter,16
spring-boot,SystemProperties,5
spring-boot,ConcurrentReferenceCachingMetadataReaderFactory,7
spring-boot,RestTemplateBuilder,47
spring-boot,RootUriTemplateHandler,9
spring-boot,DelegatingFilterProxyRegistrationBean,6
spring-boot,ErrorPage,16
spring-boot,FilterRegistrationBean,4
spring-boot,MultipartConfigFactory,11
spring-boot,RegistrationBean,14
spring-boot,ServletComponentScanRegistrar,6
spring-boot,ServletContextInitializerBeans,28
spring-boot,ServletListenerRegistrationBean,11
spring-boot,ServletRegistrationBean,20
spring-boot,WebFilterHandler,7
spring-boot,WebListenerHandler,2
spring-boot,WebServletHandler,6
spring-boot,ErrorPageFilter,37
spring-boot,ServletContextApplicationContextInitializer,6
spring-boot,SpringBootServletInitializer,14
spring-boot,SpringProfileDocumentMatcher,15
spring-boot,SpringApplicationLauncher,6
spring-boot,ResourceMatcher,14
spring-boot,GrabCommand,1
spring-boot,Dependency,4
spring-boot,InitCommand,4
spring-boot,InitializrService,32
spring-boot,InitializrServiceMetadata,31
spring-boot,ProjectGenerationRequest,68
spring-boot,ServiceCapabilitiesReportGenerator,18
spring-boot,GroovyGrabDependencyResolver,7
spring-boot,Installer,20
spring-boot,CommandRunner,50
spring-boot,OptionParsingCommand,5
spring-boot,RunCommand,4
spring-boot,SpringApplicationRunner,14
spring-boot,EscapeAwareWhiteSpaceArgumentDelimiter,18
spring-boot,Shell,22
spring-boot,TestCommand,2
spring-boot,TestRunner,5
spring-boot,CompositeDependencyManagement,6
spring-boot,Dependency,12
spring-boot,SpringBootDependenciesDependencyManagement,3
spring-boot,AetherGrapeEngine,48
spring-boot,DependencyResolutionContext,11
spring-boot,DetailedProgressReporter,6
spring-boot,GrapeRootRepositorySystemSessionAutoConfiguration,3
spring-boot,RepositoryConfiguration,10
spring-boot,SettingsXmlRepositorySystemSessionAutoConfiguration,3
spring-boot,DependencyCustomizer,28
spring-boot,ExtendedGroovyClassLoader,19
spring-boot,GenericBomAstTransformation,18
spring-boot,RepositoryConfigurationFactory,14
spring-boot,ResolveDependencyCoordinatesTransformation,14
spring-boot,Log,4
spring-boot,ResourceUtils,16
spring-boot,GroovyTemplate,6
spring-boot,DevToolsProperties,3
spring-boot,LocalDevToolsAutoConfiguration,0
spring-boot,OptionalLiveReloadServer,7
spring-boot,RemoteDevToolsAutoConfiguration,5
spring-boot,TriggerFileFilter,2
spring-boot,ClassPathChangedEvent,3
spring-boot,ClassPathFileChangeListener,8
spring-boot,ClassPathFileSystemWatcher,7
spring-boot,PatternClassPathRestartStrategy,4
spring-boot,DevToolsHomePropertiesPostProcessor,8
spring-boot,ChangedFile,10
spring-boot,FileSnapshot,9
spring-boot,FileSystemWatcher,16
spring-boot,FolderSnapshot,25
spring-boot,Connection,19
spring-boot,ConnectionInputStream,9
spring-boot,ConnectionOutputStream,4
spring-boot,Frame,13
spring-boot,LiveReloadServer,24
spring-boot,RemoteUrlPropertyExtractor,6
spring-boot,ClassPathChangeUploader,16
spring-boot,DelayedLiveReloadTrigger,10
spring-boot,HttpHeaderInterceptor,2
spring-boot,LocalDebugPortAvailableCondition,5
spring-boot,RemoteClientConfiguration,10
spring-boot,AccessManager,1
spring-boot,Dispatcher,5
spring-boot,DispatcherFilter,8
spring-boot,HttpHeaderAccessManager,2
spring-boot,HttpStatusHandler,3
spring-boot,UrlHandlerMapper,3
spring-boot,ClassLoaderFile,7
spring-boot,ClassLoaderFiles,12
spring-boot,RestartClassLoader,31
spring-boot,ChangeableUrls,23
spring-boot,DefaultRestartInitializer,8
spring-boot,MainMethod,10
spring-boot,OnInitializedRestarterCondition,5
spring-boot,RestartApplicationListener,11
spring-boot,RestartInitializer,1
spring-boot,RestartScopeInitializer,1
spring-boot,Restarter,63
spring-boot,SilentExitExceptionHandler,17
spring-boot,DefaultSourceFolderUrlFilter,14
spring-boot,HttpRestartServer,4
spring-boot,HttpRestartServerHandler,2
spring-boot,RestartServer,21
spring-boot,DevToolsSettings,14
spring-boot,HttpTunnelConnection,8
spring-boot,TunnelClient,11
spring-boot,HttpTunnelPayload,17
spring-boot,HttpTunnelPayloadForwarder,4
spring-boot,HttpTunnelServer,10
spring-boot,HttpTunnelServerHandler,2
spring-boot,SocketTargetServerConnection,2
spring-boot,StaticPortProvider,2
spring-boot,SpringApplicationBuilderExample,1
spring-boot,TomcatLegacyCookieProcessorExample,0
spring-boot,SpockTestRestTemplateExample,0
spring-boot,HelloWebSecurityApplication,2
spring-boot,Consumer,1
spring-boot,SampleActuatorApplication,2
spring-boot,ServiceProperties,2
spring-boot,SampleActuatorLog4J2Application,1
spring-boot,SampleActuatorNoWebApplication,1
spring-boot,SampleActuatorUiApplication,4
spring-boot,Sender,1
spring-boot,SampleAntApplication,2
spring-boot,SampleAopApplication,2
spring-boot,Message,6
spring-boot,SampleAtmosphereApplication,3
spring-boot,SampleBatchApplication,5
spring-boot,Country,7
spring-boot,SampleCacheApplication,1
spring-boot,SampleCassandraApplication,2
spring-boot,SampleCouchbaseApplication,3
spring-boot,User,7
spring-boot,SampleElasticsearchApplication,5
spring-boot,SampleDataGemFireApplication,7
spring-boot,City,7
spring-boot,Hotel,6
spring-boot,SampleDataJpaApplication,1
spring-boot,SampleMongoApplication,2
spring-boot,SampleNeo4jApplication,2
spring-boot,SampleRedisApplication,3
spring-boot,SampleDataRestApplication,1
spring-boot,Product,13
spring-boot,SampleSolrApplication,2
spring-boot,SampleFlywayApplication,2
spring-boot,SampleHateoasApplication,1
spring-boot,SampleHibernate4Application,1
spring-boot,SampleHibernate52Application,1
spring-boot,SampleHypermediaApplication,1
spring-boot,SampleHypermediaGsonApplication,1
spring-boot,SampleHypermediaJpaApplication,1
spring-boot,SampleHypermediaUiApplication,1
spring-boot,SampleIntegrationApplication,6
spring-boot,Endpoint,2
spring-boot,SampleJerseyApplication,1
spring-boot,Service,1
spring-boot,SampleJersey1Application,4
spring-boot,SampleJettyApplication,1
spring-boot,SampleJettySslApplication,1
spring-boot,SampleJetty8Application,1
spring-boot,SampleJetty8SslApplication,1
spring-boot,SampleJetty92Application,1
spring-boot,SampleJooqApplication,1
spring-boot,Note,8
spring-boot,Tag,6
spring-boot,SampleJpaApplication,1
spring-boot,Account,3
spring-boot,Messages,1
spring-boot,SampleAtomikosApplication,2
spring-boot,SampleBitronixApplication,2
spring-boot,SampleNarayanaApplication,2
spring-boot,SampleLiquibaseApplication,1
spring-boot,SampleLogbackApplication,2
spring-boot,SampleDropwizardMetricsApplication,1
spring-boot,SampleOpenTsdbExportApplication,3
spring-boot,SampleRedisExportApplication,3
spring-boot,SampleProfileApplication,2
spring-boot,SamplePropertyValidationApplication,4
spring-boot,SampleSecureApplication,2
spring-boot,SampleSecureOAuth2Application,2
spring-boot,SampleSecureOAuth2ResourceApplication,2
spring-boot,SampleServletApplication,4
spring-boot,SampleSessionRedisApplication,1
spring-boot,ExitException,1
spring-boot,SampleSimpleApplication,4
spring-boot,User,5
spring-boot,SampleTestNGApplication,4
spring-boot,SampleTomcatApplication,4
spring-boot,SampleTomcatTwoConnectorsApplication,4
spring-boot,SampleTomcatSslApplication,1
spring-boot,WebConfig,4
spring-boot,SampleTraditionalApplication,1
spring-boot,SampleUndertowApplication,1
spring-boot,SampleUndertowSslApplication,1
spring-boot,SampleWebFreeMarkerApplication,1
spring-boot,MessageController,8
spring-boot,Message,8
spring-boot,SampleGroovyTemplateApplication,4
spring-boot,SampleWebJspApplication,2
spring-boot,SampleMethodSecurityApplication,2
spring-boot,SampleWebMustacheApplication,1
spring-boot,SampleWebSecureCustomApplication,4
spring-boot,SampleWebSecureJdbcApplication,4
spring-boot,SampleWebStaticApplication,2
spring-boot,SampleWebThymeleaf3Application,4
spring-boot,SampleWebUiApplication,4
spring-boot,Location,14
spring-boot,Snake,22
spring-boot,SnakeTimer,15
spring-boot,SampleSpringXmlApplication,2
spring-boot,TestTypeExcludeFilter,10
spring-boot,ConfigFileApplicationContextInitializer,2
spring-boot,ImportsContextCustomizer,13
spring-boot,ImportsContextCustomizerFactory,4
spring-boot,SpringBootConfigurationFinder,9
spring-boot,SpringBootContextLoader,23
spring-boot,SpringBootTest,0
spring-boot,SpringBootTestContextBootstrapper,47
spring-boot,BasicJsonTester,14
spring-boot,GsonTester,6
spring-boot,JacksonTester,8
spring-boot,JsonContent,5
spring-boot,JsonContentAssert,93
spring-boot,ObjectContent,5
spring-boot,ObjectContentAssert,3
spring-boot,Definition,11
spring-boot,DefinitionsParser,17
spring-boot,MockDefinition,22
spring-boot,MockReset,10
spring-boot,MockitoContextCustomizer,8
spring-boot,MockitoContextCustomizerFactory,1
spring-boot,MockitoPostProcessor,57
spring-boot,MockitoTestExecutionListener,7
spring-boot,QualifierDefinition,15
spring-boot,ResetMocksTestExecutionListener,11
spring-boot,SpyDefinition,12
spring-boot,SpringBootMockServletContext,14
spring-boot,ApplicationContextTestUtils,3
spring-boot,EnvironmentTestUtils,10
spring-boot,LocalHostUriTemplateHandler,3
spring-boot,MockServerRestTemplateCustomizer,10
spring-boot,RootUriRequestExpectationManager,16
spring-boot,TestRestTemplate,53
spring-boot,LocalHostWebClient,3
spring-boot,LocalHostWebConnectionHtmlUnitDriver,6
spring-boot,FilterAnnotations,12
spring-boot,TypeExcludeFiltersContextCustomizer,13
spring-boot,TypeExcludeFiltersContextCustomizerFactory,2
spring-boot,TestDatabaseAutoConfiguration,3
spring-boot,TestEntityManager,16
spring-boot,OverrideAutoConfigurationContextCustomizerFactory,3
spring-boot,SpringBootDependencyInjectionTestExecutionListener,3
spring-boot,AnnotationsPropertySource,40
spring-boot,PropertyMappingContextCustomizer,5
spring-boot,PropertyMappingContextCustomizerFactory,1
spring-boot,RestDocsAutoConfiguration,3
spring-boot,WebMvcTypeExcludeFilter,13
spring-boot,ConfigurationMetadataRepositoryJsonBuilder,19
spring-boot,Deprecation,5
spring-boot,DescriptionExtractor,4
spring-boot,Hints,4
spring-boot,JsonReader,27
spring-boot,Tree,2
spring-boot,ConfigurationMetadata,31
spring-boot,JsonMarshaller,49
spring-boot,ConfigurationMetadataAnnotationProcessor,79
spring-boot,BuildInfo,15
spring-boot,ExplodedArchive,16
spring-boot,JarFileArchive,24
spring-boot,ByteArrayRandomAccessData,7
spring-boot,RandomAccessDataFile,13
spring-boot,AsciiBytes,51
spring-boot,Bytes,11
spring-boot,CentralDirectoryParser,10
spring-boot,Handler,46
spring-boot,JarEntry,13
spring-boot,JarFile,58
spring-boot,JarURLConnection,53
spring-boot,LaunchedURLClassLoader,24
spring-boot,Launcher,11
spring-boot,PropertiesLauncher,83
spring-boot,WarLauncher,5
spring-boot,SystemPropertyUtils,33
spring-boot,DefaultLaunchScript,12
spring-boot,FileUtils,9
spring-boot,JvmUtils,6
spring-boot,Layouts,7
spring-boot,Libraries,1
spring-boot,MainClassFinder,30
spring-boot,Repackager,48
spring-boot,ArtifactsLibraries,13
spring-boot,DependencyFilter,7
spring-boot,ExcludeFilter,4
spring-boot,IncludeFilter,3
spring-boot,PropertiesMergingResourceTransformer,10
spring-boot,RunArguments,8
Spring-Integration-in-Action,Notification,5
Spring-Integration-in-Action,Payment,8
Spring-Integration-in-Action,Flight,15
Spring-Integration-in-Action,Profile,2
Spring-Integration-in-Action,PassengerProfileEnricher,4
Spring-Integration-in-Action,Flight,6
Spring-Integration-in-Action,FlightNotification,6
Spring-Integration-in-Action,TripNotification,3
Spring-Integration-in-Action,Leg,20
Spring-Integration-in-Action,Trip,2
Spring-Integration-in-Action,Booking,2
Spring-Integration-in-Action,Ingredient,10
Spring-Integration-in-Action,Product,3
Spring-Integration-in-Action,Recipe,13
Spring-Integration-in-Action,Meal,4
Spring-Integration-in-Action,Cook,5
Spring-Integration-in-Action,ChangeFileNameGenerator,2
Spring-Integration-in-Action,EditableText,7
spring-plugin,OrderAwarePluginRegistry,9
spring-plugin,SimplePluginRegistry,25
spring-plugin,BeanListFactoryBean,3
spring-plugin,SimplePluginMetadata,8
spring-webflow-issues,Booking,37
spring-webflow-issues,Hotel,18
spring-webflow-samples,Booking,37
spring-webflow-samples,Hotel,18
spring-webflow-samples,Booking,34
spring-webflow-samples,Booking,32
spring-flex,JsonConfigMapPropertyEditor,3
spring-flex,FlexConfigurationManager,11
spring-flex,RuntimeEnvironment,17
spring-flex,RemotingAnnotationPostProcessor,15
spring-flex,JmsMessageDestinationBeanDefinitionParser,3
spring-flex,MessageBrokerBeanDefinitionParser,71
spring-flex,IntegrationMessageDestinationBeanDefinitionParser,1
spring-flex,MessageDestinationBeanDefinitionParser,1
spring-flex,MessageInterceptors,2
spring-flex,RemotingDestinationBeanDefinitionDecorator,3
spring-flex,RemotingDestinationBeanDefinitionParser,3
spring-flex,ClassPathScanningAmfConversionServiceConfigProcessor,27
spring-flex,SpringPropertyProxy,26
spring-flex,MessageBrokerFactoryBean,43
spring-flex,ExceptionTranslationAdvice,10
spring-flex,MessageInterceptionAdvice,9
spring-flex,EndpointConfigProcessor,10
spring-flex,ManageableComponentFactoryBean,6
spring-flex,AmfView,15
spring-flex,AmfHttpMessageConverter,20
spring-flex,JmsAdapter,30
spring-flex,FlexMessageConverter,12
spring-flex,MessageTemplate,17
spring-flex,MessageDestinationFactory,33
spring-flex,MessageServiceConfigProcessor,12
spring-flex,RemotingDestinationExporter,25
spring-flex,RemotingServiceConfigProcessor,8
spring-flex,SpringSecurityLoginCommand,37
spring-flex,LoginMessageInterceptor,6
spring-flex,FlexAuthenticationEntryPoint,8
spring-flex,EndpointSecurityMetadataSource,10
spring-flex,EndpointInterceptor,13
spring-flex,SecurityExceptionTranslator,4
spring-data-jpa,QueryByExamplePredicateBuilder,22
spring-data-jpa,Jsr310JpaConverters,0
spring-data-jpa,ThreeTenBackPortJpaConverters,0
spring-data-jpa,AbstractPersistable,11
spring-data-jpa,JpaSort,18
spring-data-jpa,Specifications,7
spring-data-jpa,AuditingBeanFactoryPostProcessor,2
spring-data-jpa,AuditingEntityListener,5
spring-data-jpa,JpaMetamodelMappingContext,7
spring-data-jpa,JpaPersistentPropertyImpl,30
spring-data-jpa,PersistenceProvider,35
spring-data-jpa,JpaRepositoryExtension,9
spring-data-jpa,AuditingBeanDefinitionParser,2
spring-data-jpa,JpaAuditingRegistrar,9
spring-data-jpa,JpaRepositoriesRegistrar,2
spring-data-jpa,JpaRepositoryConfigExtension,15
spring-data-jpa,EntityGraph,0
spring-data-jpa,AbstractJpaQuery,23
spring-data-jpa,AbstractStringBasedJpaQuery,13
spring-data-jpa,ExpressionBasedStringQuery,7
spring-data-jpa,Jpa21Utils,13
spring-data-jpa,JpaEntityGraph,9
spring-data-jpa,JpaParameters,4
spring-data-jpa,JpaQueryExecution,11
spring-data-jpa,JpaQueryLookupStrategy,6
spring-data-jpa,JpaQueryMethod,39
spring-data-jpa,NamedQuery,13
spring-data-jpa,NativeJpaQuery,5
spring-data-jpa,ParameterBinder,20
spring-data-jpa,ParameterMetadataProvider,11
spring-data-jpa,PartTreeJpaQuery,6
spring-data-jpa,QueryUtils,74
spring-data-jpa,SimpleJpaQuery,7
spring-data-jpa,StoredProcedureAttributeSource,27
spring-data-jpa,StoredProcedureAttributes,8
spring-data-jpa,StringQuery,11
spring-data-jpa,DefaultJpaContext,4
spring-data-jpa,EntityManagerBeanDefinitionRegistrarPostProcessor,2
spring-data-jpa,JpaEntityInformationSupport,4
spring-data-jpa,JpaMetamodelEntityInformation,23
spring-data-jpa,JpaPersistableEntityInformation,3
spring-data-jpa,JpaRepositoryFactory,9
spring-data-jpa,JpaRepositoryFactoryBean,5
spring-data-jpa,QueryDslJpaRepository,16
spring-data-jpa,QueryDslRepositorySupport,10
spring-data-jpa,Querydsl,24
spring-data-jpa,SimpleJpaRepository,79
spring-data-jpa,ClasspathScanningPersistenceUnitPostProcessor,13
spring-data-jpa,MergingPersistenceUnitManager,12
spring-data-jpa,JpaMetamodel,5
spring-data-mongodb,Aggregation,42
spring-data-mongodb,AggregationOptions,13
spring-data-mongodb,ConditionalOperator,26
spring-data-mongodb,ExposedFields,20
spring-data-mongodb,Fields,15
spring-data-mongodb,GeoNearOperation,2
spring-data-mongodb,GroupOperation,28
spring-data-mongodb,IfNullOperator,6
spring-data-mongodb,LookupOperation,5
spring-data-mongodb,ProjectionOperation,15
spring-data-mongodb,SkipOperation,2
spring-data-mongodb,SortOperation,5
spring-data-mongodb,SpelExpressionTransformer,5
spring-data-mongodb,TypeBasedAggregationOperationContext,5
spring-data-mongodb,TypedAggregation,5
spring-data-mongodb,UnwindOperation,10
spring-data-mongodb,Index,23
spring-data-mongodb,IndexField,19
spring-data-mongodb,AbstractMongoEventListener,30
spring-data-mongodb,AfterConvertEvent,2
spring-data-mongodb,AuditingEventListener,3
spring-data-mongodb,ValidatingMongoEventListener,3
spring-data-mongodb,BasicMongoPersistentEntity,27
spring-data-mongodb,BasicMongoPersistentProperty,27
spring-data-mongodb,MongoMappingContext,8
spring-data-mongodb,MongoPersistentProperty,0
spring-data-mongodb,GroupBy,14
spring-data-mongodb,MongoDbUtils,27
spring-data-mongodb,Criteria,89
spring-data-mongodb,Field,16
spring-data-mongodb,Order,2
spring-data-mongodb,Query,45
spring-data-mongodb,Update,39
spring-data-mongodb,ExpressionNode,22
se-db4o,CommonConfigurer,35
se-db4o,FileConfigurer,19
se-db4o,ClientConfigurationFactoryBean,16
se-db4o,DiagnosticConfigurer,3
se-db4o,EmbeddedConfigurationFactoryBean,13
se-db4o,EnvironmentConfigurer,3
se-db4o,FreespaceConfigurer,6
se-db4o,IdSystemConfigurer,7
se-db4o,NetworkingConfigurer,7
se-db4o,ObjectClassConfigurer,16
se-db4o,ObjectFieldConfigurer,7
se-db4o,QueryConfigurer,5
se-db4o,ServerConfigurationFactoryBean,16
se-db4o,ResourceStorage,5
se-db4o,Db4oTransactionManager,23
se-db4o,ObjectContainerFactoryBean,26
se-db4o,ObjectServerFactoryBean,14
se-db4o,Db4oTemplate,94
se-db4o,ObjectContainerHolder,2
se-db4o,Db4oDaoSupport,8
spring-bus,ModuleApplication,1
greenhouse,Account,12
greenhouse,JdbcAccountRepository,15
greenhouse,TwitterConnectInterceptor,4
greenhouse,App,5
greenhouse,JdbcAppRepository,14
greenhouse,EventData,10
greenhouse,JdbcEventLoaderRepository,10
greenhouse,NFJSLoader,9
greenhouse,Event,16
greenhouse,EventSession,14
greenhouse,JdbcEventRepository,23
greenhouse,Group,6
greenhouse,Invite,5
greenhouse,Invitee,20
greenhouse,JdbcInviteRepository,10
greenhouse,JdbcProfileRepository,10
greenhouse,SettingsController,3
greenhouse,AccountExposingHandlerInterceptor,5
greenhouse,SignupController,12
greenhouse,WelcomeMailTransformer,1
greenhouse,EmailUtils,2
greenhouse,SlugUtils,2
spring-guice,SpringModule,12
spring-data-rest,HalBrowser,6
spring-data-rest,Profile,10
spring-data-rest,User,0
spring-flex-roo,As3ParserClassMetadata,9
spring-flex-roo,As3ParserMetadataProvider,18
spring-mvc-showcase,CallableController,10
spring-mvc-showcase,DeferredResultController,6
spring-mvc-showcase,ConvertController,7
spring-mvc-showcase,CustomArgumentController,2
spring-mvc-showcase,StandardArgumentsController,7
spring-mvc-showcase,ExceptionController,3
spring-mvc-showcase,FileUploadController,3
spring-mvc-showcase,FormController,6
spring-mvc-showcase,MappingController,10
spring-mvc-showcase,MessageConvertersController,12
spring-mvc-showcase,RedirectController,4
spring-mvc-showcase,ResponseController,5
spring-mvc-showcase,SimpleController,1
spring-mvc-showcase,ValidationController,2
spring-mvc-showcase,ViewsController,4
spring-data-document-examples,Album,14
spring-data-document-examples,Track,10
spring-tuple,TupleFieldExtractor,4
spring-tuple,JsonToTupleTransformer,3
spring-tuple,MapToTupleTransformer,1
spring-tuple,JsonBytesToTupleConverter,4
spring-tuple,DefaultTuple,126
spring-tuple,TupleJsonMarshaller,1
spring-tuple,TuplePropertyAccessor,15
spring-data-solr,CustomConversions,29
spring-data-solr,DateTimeConverters,0
spring-data-solr,MappingSolrConverter,50
spring-data-solr,NumberConverters,0
spring-data-solr,SolrJConverter,12
spring-data-solr,Point,3
spring-data-solr,SimpleSolrPersistentEntity,16
spring-data-solr,SimpleSolrPersistentProperty,45
spring-data-solr,SolrPersistentProperty,0
spring-data-solr,DefaultQueryParser,86
spring-data-solr,QueryParserBase,76
spring-data-solr,QueryParsers,6
spring-data-solr,ResultHelper,62
spring-data-solr,SolrExceptionTranslator,14
spring-data-solr,SolrTemplate,132
spring-data-solr,TermsQueryParser,17
spring-data-solr,Criteria,81
spring-data-solr,Crotch,49
spring-data-solr,CurrencyFunction,7
spring-data-solr,DefaultValueFunction,5
spring-data-solr,DistanceFunction,6
spring-data-solr,DivideFunction,6
spring-data-solr,ExistsFunction,5
spring-data-solr,FacetOptions,34
spring-data-solr,FieldWithQueryParameters,8
spring-data-solr,GeoDistanceFunction,4
spring-data-solr,GeoHashFunction,4
spring-data-solr,HighlightOptions,26
spring-data-solr,IfFunction,6
spring-data-solr,Join,8
spring-data-solr,MaxFunction,11
spring-data-solr,NotFunction,5
spring-data-solr,PartialUpdate,12
spring-data-solr,ProductFunction,6
spring-data-solr,Query,0
spring-data-solr,QueryFunction,5
spring-data-solr,SimpleHighlightQuery,6
spring-data-solr,SimpleQuery,61
spring-data-solr,SimpleStringCriteria,3
spring-data-solr,SpellcheckOptions,43
spring-data-solr,StatsOptions,13
spring-data-solr,TermFrequencyFunction,3
spring-data-solr,DelegatingCursor,30
spring-data-solr,SimpleStatsResult,27
spring-data-solr,DefaultSchemaOperations,25
spring-data-solr,SolrSchemaWriter,11
spring-data-solr,SolrRealtimeGetRequest,6
spring-data-solr,SolrRepositoryConfigExtension,13
spring-data-solr,SolrParameter,5
spring-data-solr,SolrParameters,4
spring-data-solr,SolrParametersParameterAccessor,8
spring-data-solr,SolrQueryCreator,51
spring-data-solr,SolrQueryMethod,97
spring-data-solr,StringBasedSolrQuery,3
spring-data-solr,MappingSolrEntityInformation,5
spring-data-solr,SimpleSolrRepository,42
spring-data-solr,SolrRepositoryFactory,18
spring-data-solr,HttpSolrClientFactory,17
spring-data-solr,MulticoreSolrClientFactory,22
spring-xd-samples,Media,54
spring-xd-samples,Order,25
spring-xd-samples,Product,23
spring-xd-samples,SerializableOrder,4
spring-hateoas,Doc,1
spring-hateoas,Format,1
spring-hateoas,Type,1
spring-hateoas,Hop,4
spring-hateoas,Rels,2
spring-hateoas,Traverson,16
spring-hateoas,AnnotationMappingDiscoverer,16
spring-hateoas,ControllerEntityLinks,9
spring-hateoas,ControllerEntityLinksFactoryBean,9
spring-hateoas,DelegatingEntityLinks,8
spring-hateoas,DelegatingRelProvider,4
spring-hateoas,DummyInvocationUtils,3
spring-hateoas,EmbeddedWrappers,8
spring-hateoas,EvoInflectorRelProvider,1
spring-hateoas,JsonPathLinkDiscoverer,19
spring-hateoas,LinkBuilderSupport,15
spring-hateoas,MethodParameters,12
spring-hateoas,DefaultCurieProvider,11
spring-hateoas,HalEmbeddedBuilder,17
spring-hateoas,HalLinkDiscoverer,1
spring-hateoas,JaxRsLinkBuilder,6
spring-hateoas,JaxRsLinkBuilderFactory,3
spring-hateoas,ControllerLinkBuilder,24
spring-hateoas,ControllerLinkBuilderFactory,14
spring-hateoas,ForwardedHeader,6
spring-hateoas,HeaderLinksResponseEntity,5
spring-hateoas,IdentifiableResourceAssemblerSupport,6
spring-hateoas,ResourceAssemblerSupport,5
spring-hateoas,TypeConstrainedMappingJackson2HttpMessageConverter,4
spring-hateoas,TypeReferences,0
spring-hateoas,IanaRels,3
spring-hateoas,Link,27
spring-hateoas,LinkDiscoverers,3
spring-hateoas,Links,18
spring-hateoas,PagedResources,16
spring-hateoas,Resource,13
spring-hateoas,ResourceSupport,17
spring-hateoas,Resources,15
spring-hateoas,TemplateVariable,17
spring-hateoas,TemplateVariables,21
spring-hateoas,UriTemplate,35
spring-hateoas,VndErrors,12
spring-batch-admin,DetailedJobInfo,9
spring-batch-admin,JobExecutionInfo,18
spring-batch-admin,JobInfo,10
spring-batch-admin,StepExecutionInfo,23
spring-batch-admin,StepExecutionProgress,11
spring-batch-admin,CumulativeHistory,13
spring-batch-admin,StepExecutionHistory,16
spring-batch-admin,JobExecutionInfoResource,29
spring-batch-admin,FileInfoResource,7
spring-batch-admin,JobInstanceInfoResource,5
spring-batch-admin,JobParametersExtractor,3
spring-batch-admin,CompositeApplicationContextFactory,8
spring-batch-admin,JobConfigurationRequest,6
spring-batch-admin,StringToJobLaunchRequestAdapter,3
spring-batch-admin,SimpleStepExecutionMetrics,35
spring-batch-admin,SimpleJobExecutionMetrics,43
spring-batch-admin,BatchMBeanExporter,41
spring-batch-admin,JobLauncherSynchronizer,13
spring-batch-admin,LocalFileService,29
spring-batch-admin,JdbcSearchableJobInstanceDao,3
spring-batch-admin,SimpleJobService,87
spring-batch-admin,JobLocatorStepLocator,12
spring-batch-admin,JdbcSearchableJobExecutionDao,21
spring-batch-admin,JdbcSearchableStepExecutionDao,18
spring-batch-admin,FileInfo,30
spring-batch-admin,ThrottledTaskExecutor,13
spring-batch-admin,JobExecutionController,36
spring-batch-admin,LaunchRequest,4
spring-batch-admin,StepExecutionController,18
spring-batch-admin,FileController,14
spring-batch-admin,BatchJobExecutionsController,28
spring-batch-admin,JobController,18
spring-batch-admin,BatchStepExecutionsController,12
spring-batch-admin,BatchJobInstancesController,5
spring-batch-admin,BatchJobsController,7
spring-batch-admin,TaskSchedulerPoller,29
spring-batch-admin,ParameterUnpackerFilter,16
spring-batch-admin,SessionIdFilter,5
spring-batch-admin,ContentTypeInterceptor,20
spring-batch-admin,HomeController,33
spring-batch-admin,JobConfiguration,4
spring-batch-admin,ExampleItemReader,3
spring-batch-admin,ExampleItemWriter,3
spring-security-oauth,SecurityConfig,3
spring-security-oauth,OAuthCodec,8
spring-security-oauth,CoreOAuthSignatureMethodFactory,28
spring-security-oauth,PlainTextSignatureMethod,9
spring-security-oauth,RSA_SHA1SignatureMethod,19
spring-security-oauth,HMAC_SHA1SignatureMethod,19
spring-security-oauth,ConsumerServiceBeanDefinitionParser,9
spring-security-oauth,CoreOAuthConsumerSupport,117
spring-security-oauth,OAuthConsumerContextFilter,60
spring-security-oauth,HttpSessionOAuthRememberMeServices,6
spring-security-oauth,AccessTokenProcessingFilter,14
spring-security-oauth,ProtectedResourceProcessingFilter,15
spring-security-oauth,UnauthenticatedRequestTokenProcessingFilter,13
spring-security-oauth,UserAuthorizationSuccessfulAuthenticationHandler,15
spring-security-oauth,CoreOAuthProviderSupport,35
spring-security-oauth,UserAuthorizationProcessingFilter,19
spring-security-oauth,InMemoryNonceServices,9
spring-security-oauth,OAuth2ClientAuthenticationProcessingFilter,14
spring-security-oauth,OAuth2ClientContextFilter,17
spring-security-oauth,OAuth2ErrorHandler,23
spring-security-oauth,OAuth2RestTemplate,39
spring-security-oauth,DefaultOAuth2RequestAuthenticator,3
spring-security-oauth,AuthorizationCodeAccessTokenProvider,46
spring-security-oauth,AuthorizationCodeResourceDetails,1
spring-security-oauth,ImplicitAccessTokenProvider,15
spring-security-oauth,ResourceOwnerPasswordAccessTokenProvider,9
spring-security-oauth,JdbcClientTokenServices,12
spring-security-oauth,OAuth2AccessTokenSupport,23
spring-security-oauth,AccessTokenProviderChain,31
spring-security-oauth,OAuth2Exception,29
spring-security-oauth,OAuth2ExceptionJackson2Deserializer,26
spring-security-oauth,OAuth2AccessTokenJackson1Deserializer,11
spring-security-oauth,OAuth2AccessTokenJackson1Serializer,6
spring-security-oauth,OAuth2AccessTokenJackson2Deserializer,14
spring-security-oauth,OAuth2AccessTokenJackson2Serializer,6
spring-security-oauth,ResourceServerConfiguration,21
spring-security-oauth,ResourceBeanDefinitionParser,25
spring-security-oauth,AuthorizationServerBeanDefinitionParser,43
spring-security-oauth,ClientDetailsServiceBeanDefinitionParser,8
spring-security-oauth,ResourceServerBeanDefinitionParser,7
spring-security-oauth,JaxbOAuth2AccessToken,10
spring-security-oauth,JaxbOAuth2AccessTokenMessageConverter,6
spring-security-oauth,JaxbOAuth2Exception,4
spring-security-oauth,JaxbOAuth2ExceptionMessageConverter,3
spring-security-oauth,TokenStoreUserApprovalHandler,16
spring-security-oauth,InMemoryApprovalStore,7
spring-security-oauth,JdbcApprovalStore,24
spring-security-oauth,Approval,27
spring-security-oauth,ApprovalStoreUserApprovalHandler,28
spring-security-oauth,DefaultUserApprovalHandler,6
spring-security-oauth,TokenApprovalStore,7
spring-security-oauth,OAuth2AuthenticationDetails,32
spring-security-oauth,OAuth2AuthenticationManager,17
spring-security-oauth,OAuth2AuthenticationProcessingFilter,22
spring-security-oauth,JdbcClientDetailsService,36
spring-security-oauth,ClientCredentialsTokenEndpointFilter,16
spring-security-oauth,BaseClientDetails,91
spring-security-oauth,ClientDetailsUserDetailsService,6
spring-security-oauth,JdbcAuthorizationCodeServices,9
spring-security-oauth,AuthorizationCodeTokenGranter,10
spring-security-oauth,InMemoryAuthorizationCodeServices,2
spring-security-oauth,TokenKeyEndpoint,5
spring-security-oauth,TokenEndpointAuthenticationFilter,22
spring-security-oauth,AuthorizationEndpoint,73
spring-security-oauth,TokenEndpoint,26
spring-security-oauth,FrameworkEndpointHandlerMapping,19
spring-security-oauth,DefaultRedirectResolver,26
spring-security-oauth,WhitelabelApprovalEndpoint,11
spring-security-oauth,SpelView,6
spring-security-oauth,ExactMatchRedirectResolver,1
spring-security-oauth,WhitelabelErrorEndpoint,2
spring-security-oauth,OAuth2AuthenticationEntryPoint,9
spring-security-oauth,OAuth2AccessDeniedHandler,1
spring-security-oauth,OAuth2SecurityExpressionMethods,16
spring-security-oauth,OAuth2ExpressionParser,4
spring-security-oauth,OAuth2MethodSecurityExpressionHandler,2
spring-security-oauth,OAuth2WebSecurityExpressionHandler,2
spring-security-oauth,InMemoryImplicitGrantService,2
spring-security-oauth,ResourceOwnerPasswordTokenGranter,7
spring-security-oauth,OAuth2Request,50
spring-security-oauth,AuthorizationRequest,45
spring-security-oauth,OAuth2Authentication,23
spring-security-oauth,TokenRequest,8
spring-security-oauth,DefaultOAuth2RequestValidator,7
spring-security-oauth,DefaultTokenServices,62
spring-security-oauth,DefaultUserAuthenticationConverter,12
spring-security-oauth,DefaultAccessTokenConverter,28
spring-security-oauth,JdbcTokenStore,76
spring-security-oauth,InMemoryTokenStore,46
spring-security-oauth,JwtTokenStore,30
spring-security-oauth,JwtAccessTokenConverter,31
spring-security-oauth,RedisTokenStore,50
spring-security-oauth,ClientScopeVoter,15
spring-security-oauth,ScopeVoter,15
spring-security-oauth,Application,2
spring-security-oauth,Application,3
spring-security-oauth,Application,7
spring-security-oauth,Application,10
